"DESCRIPTION","DURATION IN MS","NAME","PARENT SUITE","START TIME","STATUS","STOP TIME","SUB SUITE","SUITE","TEST CLASS","TEST METHOD"
"","166","DELETE elimina la reserva y la API responde 201 (quirk documentado)","tests","2026-08-31","passed","2026-08-31","TestActualizarYEliminar","test_actualizar_y_eliminar","",""
"","116","Crear una reserva devuelve id y refleja los datos enviados","tests","2026-08-31","passed","2026-08-31","TestCrearYLeer","test_crear_y_leer","",""
"","57","Consultar un id inexistente devuelve 404","tests","2026-08-31","passed","2026-08-31","TestCrearYLeer","test_crear_y_leer","",""
"","56","PATCH modifica solo los campos enviados","tests","2026-08-31","passed","2026-08-31","TestActualizarYEliminar","test_actualizar_y_eliminar","",""
"","57","La API responde al health check","tests","2026-08-31","passed","2026-08-31","TestSaludYAuth","test_salud_y_auth","",""
"","56","Credenciales inválidas no devuelven token","tests","2026-08-31","passed","2026-08-31","TestSaludYAuth","test_salud_y_auth","",""
"","56","PUT reemplaza la reserva completa","tests","2026-08-31","passed","2026-08-31","TestActualizarYEliminar","test_actualizar_y_eliminar","",""
"","60","Consultar una reserva por id cumple el contrato","tests","2026-08-31","passed","2026-08-31","TestCrearYLeer","test_crear_y_leer","",""
"","191","El listado de reservas cumple el contrato","tests","2026-08-31","passed","2026-08-31","TestCrearYLeer","test_crear_y_leer","",""
"","57","Credenciales válidas devuelven un token","tests","2026-08-31","passed","2026-08-31","TestSaludYAuth","test_salud_y_auth","",""
"","56","DELETE sin token es rechazado con 403","tests","2026-08-31","passed","2026-08-31","TestActualizarYEliminar","test_actualizar_y_eliminar","",""
"","57","Filtrar reservas por nombre devuelve la reserva creada","tests","2026-08-31","passed","2026-08-31","TestCrearYLeer","test_crear_y_leer","",""
"","258","PUT sin token es rechazado con 403","tests","2026-08-31","passed","2026-08-31","TestActualizarYEliminar","test_actualizar_y_eliminar","",""
